arch,max_digits,L,D_model,lr,C,C_actual,N,N_total,N_with_emb,D,steps,loss,aux_loss,tokens_per_s,seed
dense,10,1,32,0.003,3000000000000.0,2999856660480,12640,12640,14528,39555072,19314,0.06382149830460548,0.0,588618.9321626832,0
dense,10,1,48,0.003,3000000000000.0,2999708024832,28176,28176,31008,17743872,8664,0.011076976312324405,0.0,517117.1265483691,0
dense,10,2,48,0.0029962258586375854,3000000000000.0,2999436705792,56256,56256,59088,8886272,4339,0.015463313786312938,0.0,347627.5592025172,0
dense,10,2,64,0.0025592978378899634,3000000000000.0,2999259758592,99584,99584,103360,5019648,2451,0.022371350787580013,0.0,274755.94624333805,0
dense,10,2,96,0.0020484865637276166,3000000000000.0,2999203135488,223104,223104,228768,2240512,1094,0.09438166581094265,0.0,163837.09271612347,0
dense,10,3,112,0.001682884346501586,3000000000000.0,2995690930176,454832,454832,461440,1097728,536,1.8956896364688873,0.0,88298.12764544824,0
dense,10,4,128,0.0014443737745331883,3000000000000.0,2994821136384,791296,791296,798848,630784,308,1.9280253946781158,0.0,58284.359980018045,0
dense,10,1,32,0.003,10000000000000.0,9999988162560,12640,12640,14528,131856384,64383,0.0147550234105438,0.0,624263.1525660953,0
dense,10,1,48,0.003,10000000000000.0,9999719202816,28176,28176,31008,59150336,28882,0.011249021161347628,0.0,609041.9419213447,0
dense,10,2,48,0.0029962258586375854,10000000000000.0,9999965749248,56256,56256,59088,29626368,14466,0.0019726885948330164,0.0,445199.0774039265,0
dense,10,2,64,0.0025592978378899634,10000000000000.0,9999979905024,99584,99584,103360,16736256,8172,0.003827358072157949,0.0,423910.35931102827,0
dense,10,2,96,0.0020484865637276166,10000000000000.0,9998257618944,223104,223104,228768,7469056,3647,0.005540151614695787,0.0,354363.4645996034,0
dense,10,3,112,0.001682884346501586,10000000000000.0,9998677377024,454832,454832,461440,3663872,1789,0.01116241468116641,0.0,229859.45240086524,0
dense,10,4,128,0.0014443737745331883,10000000000000.0,9995701714944,791296,791296,798848,2105344,1028,1.4633214473724365,0.0,169657.69751641166,0
dense,10,4,176,0.0012120976752851367,10000000000000.0,9983798280192,1493536,1493536,1503920,1114112,544,1.8141783773899078,0.0,66251.23063045963,0
dense,10,5,224,0.0009979207622592492,10000000000000.0,9986121793536,3021088,3021088,3034304,550912,269,1.9055706858634949,0.0,30450.91975136934,0
dense,10,1,32,0.003,30000000000000.0,29999964487680,12640,12640,14528,395569152,193149,0.015069239772856236,0.0,613146.3200469329,0
dense,10,1,48,0.003,30000000000000.0,29999850061824,28176,28176,31008,177455104,86648,0.014161902014166117,0.0,609177.4441470924,0
dense,10,2,48,0.0029962258586375854,30000000000000.0,29999897247744,56256,56256,59088,88879104,43398,0.004932580515742302,0.0,449631.2117390561,0
dense,10,2,64,0.0025592978378899634,30000000000000.0,29999939715072,99584,99584,103360,50208768,24516,0.0009786155569599941,0.0,435278.57885296125,0
dense,10,2,96,0.0020484865637276166,30000000000000.0,29997514358784,223104,223104,228768,22409216,10942,0.00272511993534863,0.0,405473.55887495686,0
dense,10,3,112,0.001682884346501586,30000000000000.0,29996032131072,454832,454832,461440,10991616,5367,0.0034610325819812715,0.0,303447.66307216877,0
dense,10,4,128,0.0014443737745331883,30000000000000.0,29996828590080,791296,791296,798848,6318080,3085,0.008425181964412332,0.0,236687.66995163594,0
dense,10,4,176,0.0012120976752851367,30000000000000.0,29988099981312,1493536,1493536,1503920,3346432,1634,0.017885618843138218,0.0,160493.1845720437,0
dense,10,5,224,0.0009979207622592492,30000000000000.0,29995488509952,3021088,3021088,3034304,1654784,808,0.7862080782651901,0.0,87188.05551948403,0
dense,10,6,256,0.0008816278451390799,30000000000000.0,29951482920960,4732928,4732928,4748032,1054720,515,1.8193273544311523,0.0,49230.78396623892,0
dense,10,6,384,0.0007050241736003907,30000000000000.0,29935766863872,10638336,10638336,10660992,468992,229,1.9118715524673462,0.0,18678.120155470795,0
dense,10,2,48,0.0029962258586375854,100000000000000.0,99999657492480,56256,56256,59088,296263680,144660,0.002617435879074037,0.0,440676.4161105598,0
dense,10,2,64,0.0025592978378899634,100000000000000.0,99999799050240,99584,99584,103360,167362560,81720,0.0025199397932738066,0.0,445906.5523477167,0
dense,10,2,96,0.0020484865637276166,100000000000000.0,99999025201152,223104,223104,228768,74702848,36476,0.0007214797078631818,0.0,428051.87263480254,0
dense,10,3,112,0.001682884346501586,100000000000000.0,99997951721472,454832,454832,461440,36642816,17892,0.00019831804456771351,0.0,336083.3871423625,0
dense,10,4,128,0.0014443737745331883,100000000000000.0,99995910930432,791296,791296,798848,21061632,10284,0.0023683608742430806,0.0,270885.81412927475,0
dense,10,4,176,0.0012120976752851367,100000000000000.0,99984803364864,1493536,1493536,1503920,11157504,5448,0.00137943186564371,0.0,239674.33875526057,0
dense,10,5,224,0.0009979207622592492,100000000000000.0,99972587323392,3021088,3021088,3034304,5515264,2693,0.005637351889163256,0.0,161466.44728299914,0
dense,10,6,256,0.0008816278451390799,100000000000000.0,99973978914816,4732928,4732928,4748032,3520512,1719,0.016519798431545496,0.0,120035.17629830953,0
dense,10,6,384,0.0007050241736003907,100000000000000.0,99873038794752,10638336,10638336,10660992,1564672,764,0.09405650943517685,0.0,55618.970457012874,0
dense,10,2,96,0.0020484865637276166,300000000000000.0,299999817105408,223104,223104,228768,224110592,109429,0.00014815228314546403,0.0,433370.3699938923,0
dense,10,3,112,0.001682884346501586,300000000000000.0,299999444140032,454832,454832,461440,109930496,53677,0.0001083456190826837,0.0,342171.8555821264,0
dense,10,4,128,0.0014443737745331883,300000000000000.0,299997456236544,791296,791296,798848,63186944,30853,0.0008648084258311428,0.0,279903.44986889465,0
dense,10,4,176,0.0012120976752851367,300000000000000.0,299991115235328,1493536,1493536,1503920,33476608,16346,0.0003684471666929312,0.0,270848.76900738885,0
dense,10,5,224,0.0009979207622592492,300000000000000.0,299992008228864,3021088,3021088,3034304,16549888,8081,0.0008508011378580704,0.0,209500.36762838165,0
dense,10,6,256,0.0008816278451390799,300000000000000.0,299980094963712,4732928,4732928,4748032,10563584,5158,0.0014354473969433457,0.0,177068.3453513997,0
dense,10,6,384,0.0007050241736003907,300000000000000.0,299880564129792,10638336,10638336,10660992,4698112,2294,0.0029577695531770587,0.0,110840.58520505478,0
dense,10,3,112,0.001682884346501586,1000000000000000.0,999996284141568,454832,454832,461440,366434304,178923,0.000428122395533137,0.0,334096.4592519924,0
dense,10,4,128,0.0014443737745331883,1000000000000000.0,999998003085312,791296,791296,798848,210624512,102844,0.0004259795241523534,0.0,280432.83680158446,0
dense,10,4,176,0.0012120976752851367,1000000000000000.0,999994854211584,1493536,1493536,1503920,111591424,54488,8.02915747044608e-05,0.0,310256.5954343366,0
dense,10,5,224,0.0009979207622592492,1000000000000000.0,999985735139328,3021088,3021088,3034304,55166976,26937,0.0006241103255888447,0.0,254372.50914453933,0
dense,10,6,256,0.0008816278451390799,1000000000000000.0,999972422025216,4732928,4732928,4748032,35213312,17194,0.0004680017809732817,0.0,218894.30557075323,0
dense,10,6,384,0.0007050241736003907,1000000000000000.0,999906902802432,10638336,10638336,10660992,15665152,7649,0.001023375880322419,0.0,171277.29366308593,0
moe,10,1,32,0.003,3000000000000.0,2999947886592,12736,70080,71968,39258112,19169,0.861855611205101,1.0092200338840485,535459.7626014468,0
moe,10,1,48,0.003,3000000000000.0,2999726899200,28320,157344,160176,17653760,8620,1.4717116951942444,0.9974233210086823,433713.8648548862,0
moe,10,2,48,0.002992006057803481,3000000000000.0,2999506305024,56544,314592,317424,8841216,4317,0.8663425743579865,1.0004816949367523,262821.1823936775,0
moe,10,2,64,0.0025565807421269707,3000000000000.0,2999769366528,99968,558720,562496,5001216,2442,0.02023712545633316,1.0456115901470184,192472.6699933346,0
moe,10,2,96,0.002047029284459061,3000000000000.0,2998700605440,223680,1255872,1261536,2234368,1091,0.8852595537900925,1.1250695586204529,108677.60768623622,0
moe,10,3,112,0.0016818564262909182,3000000000000.0,2996728627200,455840,2563232,2569840,1095680,535,1.894319087266922,1.0019195973873138,54493.95311571681,0
moe,10,4,128,0.0014436009097203695,3000000000000.0,2990892122112,792832,4462848,4470400,628736,307,1.9128292202949524,1.0160527527332306,32113.286956681844,0
moe,10,1,32,0.003,10000000000000.0,9999878455296,12736,70080,71968,130861056,63897,0.014228879008442163,1.0192176401615143,631344.4753129674,0
moe,10,1,48,0.003,10000000000000.0,9999669657600,28320,157344,160176,58849280,28735,0.009991702856495976,1.0011258721351624,615100.8605320175,0
moe,10,2,48,0.002992006057803481,10000000000000.0,9999743975424,56544,314592,317424,29474816,14392,0.0039726177346892655,1.0014906525611877,455474.8476712008,0
moe,10,2,64,0.0025565807421269707,10000000000000.0,9999231221760,99968,558720,562496,16670720,8140,0.005984583869576454,0.997937023639679,418177.3494446225,0
moe,10,2,96,0.002047029284459061,10000000000000.0,9999333457920,223680,1255872,1261536,7450624,3638,0.006896882900036871,1.0117788016796112,364635.53502871573,0
moe,10,3,112,0.0016818564262909182,10000000000000.0,9998431027200,455840,2563232,2569840,3655680,1785,0.022765897680073977,1.0942570865154266,241700.7773047356,0
moe,10,4,128,0.0014436009097203695,10000000000000.0,9995619926016,792832,4462848,4470400,2101248,1026,1.8861655294895172,1.0044291615486145,164347.72655824205,0
moe,10,4,176,0.0012116250321597786,10000000000000.0,9997916307456,1495648,8434272,8444656,1114112,544,1.896642029285431,1.0146548748016357,43013.979650275316,0
moe,10,5,224,0.0009976146554225732,10000000000000.0,9997228179456,3024448,17073728,17086944,550912,269,1.915511965751648,1.017355054616928,20802.865264907672,0
moe,10,1,32,0.003,30000000000000.0,29999948365824,12736,70080,71968,392587264,191693,0.8385169506072998,1.1455920040607452,632583.1607569997,0
moe,10,1,48,0.003,30000000000000.0,29999704965120,28320,157344,160176,176551936,86207,0.0060367651749402285,0.9995400458574295,624807.2929143637,0
moe,10,2,48,0.002992006057803481,30000000000000.0,29999926738944,56544,314592,317424,88426496,43177,0.0004859867476625368,0.9948519617319107,467376.72499692533,0
moe,10,2,64,0.0025565807421269707,30000000000000.0,29998922072064,99968,558720,562496,50014208,24421,0.0034347358159720898,0.9983696788549423,452595.0967019534,0
moe,10,2,96,0.002047029284459061,30000000000000.0,29998000373760,223680,1255872,1261536,22351872,10914,0.003115124418400228,1.0004182159900665,429747.36437402543,0
moe,10,3,112,0.0016818564262909182,30000000000000.0,29995293081600,455840,2563232,2569840,10967040,5355,0.006011940422467887,0.9999364614486694,314959.1282560444,0
moe,10,4,128,0.0014436009097203695,30000000000000.0,29996602097664,792832,4462848,4470400,6305792,3079,0.017045370303094387,1.0096806287765503,240279.56932485854,0
moe,10,4,176,0.0012116250321597786,30000000000000.0,29993748922368,1495648,8434272,8444656,3342336,1632,0.06160932965576649,1.1475033462047577,159010.33260776536,0
moe,10,5,224,0.0009976146554225732,30000000000000.0,29991684538368,3024448,17073728,17086944,1652736,807,1.8765742182731628,1.0552957952022552,88468.50191088305,0
moe,10,6,256,0.0008813910857000639,30000000000000.0,29980643819520,4737536,26757632,26772736,1054720,515,1.8933826088905334,1.01581272482872,36342.798181894104,0
moe,10,6,384,0.0007048977980260659,30000000000000.0,29955216900096,10645248,60190464,60213120,468992,229,1.9130335748195648,1.0353088676929474,13434.083649062302,0
moe,10,2,48,0.002992006057803481,100000000000000.0,99999524192256,56544,314592,317424,294754304,143923,0.00041802650957833976,0.9903153032064438,461822.4704584141,0
moe,10,2,64,0.0025565807421269707,100000000000000.0,99999682658304,99968,558720,562496,166719488,81406,0.002806943899486214,0.9924502819776535,462692.51625056297,0
moe,10,2,96,0.002047029284459061,100000000000000.0,99998831738880,223680,1255872,1261536,74510336,36382,0.0007259665289893746,0.9945422112941742,453573.39977653965,0
moe,10,3,112,0.0016818564262909182,100000000000000.0,99995512995840,455840,2563232,2569840,36560896,17852,0.0011355504830135033,1.0009850859642029,351116.86485205626,0
moe,10,4,128,0.0014436009097203695,100000000000000.0,99995168538624,792832,4462848,4470400,21020672,10264,0.003641767369117588,1.0001301765441895,287998.7294981766,0
moe,10,4,176,0.0012116250321597786,100000000000000.0,99997541597184,1495648,8434272,8444656,11143168,5441,0.0038929522852413356,1.0045895874500275,239832.54353445643,0
moe,10,5,224,0.0009976146554225732,100000000000000.0,99972281794560,3024448,17073728,17086944,5509120,2690,0.021571720484644175,1.067074865102768,167478.96237472395,0
moe,10,6,256,0.0008813910857000639,100000000000000.0,99954884345856,4737536,26757632,26772736,3516416,1717,0.0378642613068223,1.049437940120697,128573.26927953812,0
moe,10,6,384,0.0007048977980260659,100000000000000.0,99937928871936,10645248,60190464,60213120,1564672,764,1.889884740114212,1.0109465718269348,67264.90451910679,0
moe,10,2,96,0.002047029284459061,300000000000000.0,299999243796480,223680,1255872,1261536,223533056,109147,0.0003391801474208478,0.9987206757068634,444025.9982657316,0
moe,10,3,112,0.0016818564262909182,300000000000000.0,299997741711360,455840,2563232,2569840,109686784,53558,0.0005192905882722698,0.9994478821754456,355343.80273116584,0
moe,10,4,128,0.0014436009097203695,300000000000000.0,299995247935488,792832,4462848,4470400,63064064,30793,0.0013601011305581778,1.0021644830703735,298795.9815480916,0
moe,10,4,176,0.0012116250321597786,300000000000000.0,299992624791552,1495648,8434272,8444656,33429504,16323,0.0010142355022253469,1.0018494129180908,272309.1132980779,0
moe,10,5,224,0.0009976146554225732,300000000000000.0,299991174217728,3024448,17073728,17086944,16531456,8072,0.00401803373824805,1.003090262413025,221215.77036004353,0
moe,10,6,256,0.0008813910857000639,300000000000000.0,299981082722304,4737536,26757632,26772736,10553344,5153,0.0025912924320437014,1.0266209542751312,183700.8430749149,0
moe,10,6,384,0.0007048977980260659,300000000000000.0,299944595423232,10645248,60190464,60213120,4696064,2293,0.05186305195093155,1.0333715379238129,128582.9545034243,0
